name,hometown,birthday,detail_url
聂小雨,未知,未知,http://www.meinv.hk/?p=2732
沙漠骆驼 冯提莫,未知,未知,http://www.meinv.hk/?p=2743
陈欣予,上海,11-24,http://www.meinv.hk/?p=2996
郭雪芙 Puff Kuo,台湾新北市,1988-6-30,http://www.meinv.hk/?p=2630
秋瓷炫 Choo Ja Hyun,韩国大邱市,1979-1-20,http://www.meinv.hk/?p=2257
冯提莫,重庆万州,1991-12-19,http://www.meinv.hk/?p=2275
关晓彤,北京,1997-9-17,http://www.meinv.hk/?p=2766
舒畅,重庆,1987-12-1,http://www.meinv.hk/?p=2719
戚蓝尹 Niania Elva,江苏扬州,1993-4-6,http://www.meinv.hk/?p=2288
王姿允,上海,1989-1-14,http://www.meinv.hk/?p=2697
孙文婷,重庆,1988-1-19,http://www.meinv.hk/?p=2691
张予馨,敦化市,1993-1-29,http://www.meinv.hk/?p=2602
徐小飒,天水,1987-7-16,http://www.meinv.hk/?p=2701
慕羽茜,上海,1988-4-15,http://www.meinv.hk/?p=2314
梁缘 Lyna,中国,1993-11-16,http://www.meinv.hk/?p=2647
张萌 Alina Zhang,天津,1981-3-6,http://www.meinv.hk/?p=2384
于文文 Kelly,大连,1989-11-7,http://www.meinv.hk/?p=2707
汪聪 Wang Cong,北京,5-8,http://www.meinv.hk/?p=2596
杨凯迪 Cady,中国,5-12,http://www.meinv.hk/?p=2668
熊乃瑾,重庆,1982-10-14,http://www.meinv.hk/?p=2781
王棠云 Sarah,台湾台中市,1988-9-23,http://www.meinv.hk/?p=2639
温雅,广州市,1988-5-3,http://www.meinv.hk/?p=2620
古力娜扎 Gulnazar,乌鲁木齐,1992-5-2,http://www.meinv.hk/?p=2749
刘奕宁 Lynn,广州,1993-12-20,http://www.meinv.hk/?p=2403
韩雪 2019,江苏省苏州市,1983-1-11,http://www.meinv.hk/?p=2836
潘之琳,上海市长宁区,9-5,http://www.meinv.hk/?p=2857
张子枫,河南三门峡,2001-8-27,http://www.meinv.hk/?p=2869
张雪迎,浙江义乌,1997-6-18,http://www.meinv.hk/?p=2878
陈瑶,四川,1994-10-31,http://www.meinv.hk/?p=2894
戚薇 Stephy,成都,1984-10-26,http://www.meinv.hk/?p=2503
陈钰琪 Yukee,四川成都,1992-7-29,http://www.meinv.hk/?p=2955
祝绪丹,黑龙江齐齐哈尔,1992-4-15,http://www.meinv.hk/?p=2977
苗苗 Vivi,北京,1988-11-29,http://www.meinv.hk/?p=2429
夏雨菲,重庆,1996-3-6,http://www.meinv.hk/?p=2826
赵韩樱子 Sarah,未知,未知,http://www.meinv.hk/?p=2532
曹璐 Cao Lu 차오루,张家界市,1987-8-30,http://www.meinv.hk/?p=2589
曹曦月,湖北武汉,1994-4-21,http://www.meinv.hk/?p=2988
钟楚曦 Elane Zhong,广州,1993-3-18,http://www.meinv.hk/?p=2437
杨采钰 Oraphan Saithong,泰国,1992-09-28,http://www.meinv.hk/?p=2456
白夜行,未知,未知,http://www.meinv.hk/?p=2585
阿冷,未知,未知,http://www.meinv.hk/?p=2549
张娜拉 JangNaRa,未知,未知,http://www.meinv.hk/?p=2526
潘时七 Sookie,武汉,1988-2-19,http://www.meinv.hk/?p=2472
河智苑 하지원 Ha Ji Won,韩国忠清南道保宁市,1978-6-28,http://www.meinv.hk/?p=2573
孙艺珍 손예진 Son Ye Jin,韩国庆尚北道大邱市,1982-1-11,http://www.meinv.hk/?p=2567
金荷娜 김하늘 Kim Ha Neul,未知,未知,http://www.meinv.hk/?p=2557
裴秀智 배수지(韩) Suzy Bae(英) Bae Sue Ji(罗马) スジ(日),韩国全罗南道光州广域市,1994-10-10,http://www.meinv.hk/?p=2564
菅纫姿 Joyce,沈阳,1991-10-19,http://www.meinv.hk/?p=2483
张天爱 Crystal,哈尔滨,1990-10-28,http://www.meinv.hk/?p=2512
金素妍 김소연 Kim So-yeon,未知,未知,http://www.meinv.hk/?p=2562
